ID,Name,Email,Address
1,Shreya,shreya@gmail.com,bengaluru
2,Shilpa,shilpa@gmail.com,mysore
3,Suraj,suraj@gmail.com,pune
4,Amit,amit@gmail.com,mumbai
5,Amitabh,amit@gmail.com,mumbai
6,Amitabh,amit@gmail.com,mumbai
7,Amitabh,amit@gmail.com,mumbai
8,Amitabh,amit@gmail.com,mumbai
9,Amitabh,amit@gmail.com,mumbai
10,Amitabh,amit@gmail.com,mumbai
11,Amitabh,amit@gmail.com,mumbai
12,Amitabh,amit@gmail.com,mumbai
13,Amitabh,amit@gmail.com,mumbai
14,Amitabh,amit@gmail.com,mumbai
15,Amitabh,amit@gmail.com,mumbai
16,Amitabh,amit@gmail.com,mumbai
17,Amitabh,amit@gmail.com,mumbai
18,Amitabh,amit@gmail.com,mumbai
19,Amitabh,amit@gmail.com,mumbai
20,Amitabh,amit@gmail.com,mumbai
21,Amitabh,amit@gmail.com,mumbai
22,Amitabh,amit@gmail.com,mumbai
23,Amitabh,amit@gmail.com,mumbai
24,Amitabh,amit@gmail.com,mumbai
25,Amitabh,amit@gmail.com,mumbai
26,Amitabh,amit@gmail.com,mumbai
27,Amitabh,amit@gmail.com,mumbai
28,Amitabh,amit@gmail.com,mumbai
29,Amitabh,amit@gmail.com,mumbai
30,Amitabh,amit@gmail.com,mumbai
31,Amitabh,amit@gmail.com,mumbai
32,Amitabh,amit@gmail.com,mumbai
33,Amitabh,amit@gmail.com,mumbai
34,Amitabh,amit@gmail.com,mumbai
35,Amitabh,amit@gmail.com,mumbai
36,Amitabh,amit@gmail.com,mumbai
37,Amitabh,amit@gmail.com,mumbai
38,Amitabh,amit@gmail.com,mumbai
39,Amitabh,amit@gmail.com,mumbai
40,Amitabh,amit@gmail.com,mumbai
41,Amitabh,amit@gmail.com,mumbai
42,Amitabh,amit@gmail.com,mumbai
43,Amitabh,amit@gmail.com,mumbai
44,Amitabh,amit@gmail.com,mumbai
45,Amitabh,amit@gmail.com,mumbai
46,Amitabh,amit@gmail.com,mumbai
47,Amitabh,amit@gmail.com,mumbai
48,Amitabh,amit@gmail.com,mumbai
49,Amitabh,amit@gmail.com,mumbai
50,Amitabh,amit@gmail.com,mumbai
51,Amitabh,amit@gmail.com,mumbai
52,Amitabh,amit@gmail.com,mumbai
53,Amitabh,amit@gmail.com,mumbai
54,Amitabh,amit@gmail.com,mumbai
55,Amitabh,amit@gmail.com,mumbai
56,Amitabh,amit@gmail.com,mumbai
57,Amitabh,amit@gmail.com,mumbai
58,Amitabh,amit@gmail.com,mumbai
59,Amitabh,amit@gmail.com,mumbai
60,Amitabh,amit@gmail.com,mumbai
61,Amitabh,amit@gmail.com,mumbai
62,Amitabh,amit@gmail.com,mumbai
63,Amitabh,amit@gmail.com,mumbai
64,Amitabh,amit@gmail.com,mumbai
65,Amitabh,amit@gmail.com,mumbai
66,Amitabh,amit@gmail.com,mumbai
67,Amitabh,amit@gmail.com,mumbai
68,Amitabh,amit@gmail.com,mumbai
69,Amitabh,amit@gmail.com,mumbai
70,Amitabh,amit@gmail.com,mumbai
71,Amitabh,amit@gmail.com,mumbai
72,Amitabh,amit@gmail.com,mumbai
73,Amitabh,amit@gmail.com,mumbai
74,Amitabh,amit@gmail.com,mumbai
75,Amitabh,amit@gmail.com,mumbai
76,Amitabh,amit@gmail.com,mumbai
77,Amitabh,amit@gmail.com,mumbai
78,Amitabh,amit@gmail.com,mumbai
79,Amitabh,amit@gmail.com,mumbai
80,Amitabh,amit@gmail.com,mumbai
81,Amitabh,amit@gmail.com,mumbai
82,Amitabh,amit@gmail.com,mumbai
83,Amitabh,amit@gmail.com,mumbai
84,Amitabh,amit@gmail.com,mumbai
85,Amitabh,amit@gmail.com,mumbai
86,Amitabh,amit@gmail.com,mumbai
87,Amitabh,amit@gmail.com,mumbai
88,Amitabh,amit@gmail.com,mumbai
89,Amitabh,amit@gmail.com,mumbai
90,Amitabh,amit@gmail.com,mumbai
91,Amitabh,amit@gmail.com,mumbai
92,Amitabh,amit@gmail.com,mumbai
93,Amitabh,amit@gmail.com,mumbai
94,Amitabh,amit@gmail.com,mumbai
95,Amitabh,amit@gmail.com,mumbai
96,Amitabh,amit@gmail.com,mumbai
97,Amitabh,amit@gmail.com,mumbai
98,Amitabh,amit@gmail.com,mumbai
99,Amitabh,amit@gmail.com,mumbai
100,Amitabh,amit@gmail.com,mumbai
101,Amitabh,amit@gmail.com,mumbai
102,Amitabh,amit@gmail.com,mumbai
103,Amitabh,amit@gmail.com,mumbai
104,Amitabh,amit@gmail.com,mumbai
105,Amitabh,amit@gmail.com,mumbai
106,Amitabh,amit@gmail.com,mumbai
107,Amitabh,amit@gmail.com,mumbai
108,Amitabh,amit@gmail.com,mumbai
109,Amitabh,amit@gmail.com,mumbai
110,Amitabh,amit@gmail.com,mumbai
111,Amitabh,amit@gmail.com,mumbai
112,Amitabh,amit@gmail.com,mumbai
113,Amitabh,amit@gmail.com,mumbai
114,Amitabh,amit@gmail.com,mumbai
115,Amitabh,amit@gmail.com,mumbai
116,Amitabh,amit@gmail.com,mumbai
117,Amitabh,amit@gmail.com,mumbai
118,Amitabh,amit@gmail.com,mumbai
119,Amitabh,amit@gmail.com,mumbai
120,Amitabh,amit@gmail.com,mumbai
121,Amitabh,amit@gmail.com,mumbai
122,Amitabh,amit@gmail.com,mumbai
123,Amitabh,amit@gmail.com,mumbai
124,Amitabh,amit@gmail.com,mumbai
125,Amitabh,amit@gmail.com,mumbai
126,Amitabh,amit@gmail.com,mumbai
127,Amitabh,amit@gmail.com,mumbai
128,Amitabh,amit@gmail.com,mumbai
129,Amitabh,amit@gmail.com,mumbai
130,Amitabh,amit@gmail.com,mumbai
131,Amitabh,amit@gmail.com,mumbai
132,Amitabh,amit@gmail.com,mumbai
133,Amitabh,amit@gmail.com,mumbai
134,Amitabh,amit@gmail.com,mumbai
135,Amitabh,amit@gmail.com,mumbai
136,Amitabh,amit@gmail.com,mumbai
137,Amitabh,amit@gmail.com,mumbai
138,Amitabh,amit@gmail.com,mumbai
139,Amitabh,amit@gmail.com,mumbai
140,Amitabh,amit@gmail.com,mumbai
141,Amitabh,amit@gmail.com,mumbai
142,Amitabh,amit@gmail.com,mumbai
143,Amitabh,amit@gmail.com,mumbai
144,Amitabh,amit@gmail.com,mumbai
145,Amitabh,amit@gmail.com,mumbai
146,Amitabh,amit@gmail.com,mumbai
147,Amitabh,amit@gmail.com,mumbai
148,Amitabh,amit@gmail.com,mumbai
149,Amitabh,amit@gmail.com,mumbai
150,Amitabh,amit@gmail.com,mumbai
151,Amitabh,amit@gmail.com,mumbai
152,Amitabh,amit@gmail.com,mumbai
153,Amitabh,amit@gmail.com,mumbai
154,Amitabh,amit@gmail.com,mumbai
155,Amitabh,amit@gmail.com,mumbai
156,Amitabh,amit@gmail.com,mumbai
157,Amitabh,amit@gmail.com,mumbai
158,Amitabh,amit@gmail.com,mumbai
159,Amitabh,amit@gmail.com,mumbai
160,Amitabh,amit@gmail.com,mumbai
161,Amitabh,amit@gmail.com,mumbai
162,Amitabh,amit@gmail.com,mumbai
163,Amitabh,amit@gmail.com,mumbai
164,Amitabh,amit@gmail.com,mumbai
165,Amitabh,amit@gmail.com,mumbai
166,Amitabh,amit@gmail.com,mumbai
167,Amitabh,amit@gmail.com,mumbai
168,Amitabh,amit@gmail.com,mumbai
169,Amitabh,amit@gmail.com,mumbai
170,Amitabh,amit@gmail.com,mumbai
171,Amitabh,amit@gmail.com,mumbai
172,Amitabh,amit@gmail.com,mumbai
173,Amitabh,amit@gmail.com,mumbai
174,Amitabh,amit@gmail.com,mumbai
175,Amitabh,amit@gmail.com,mumbai
176,Amitabh,amit@gmail.com,mumbai
177,Amitabh,amit@gmail.com,mumbai
178,Amitabh,amit@gmail.com,mumbai
179,Amitabh,amit@gmail.com,mumbai
180,Amitabh,amit@gmail.com,mumbai
181,Amitabh,amit@gmail.com,mumbai
182,Amitabh,amit@gmail.com,mumbai
183,Amitabh,amit@gmail.com,mumbai
184,Amitabh,amit@gmail.com,mumbai
185,Amitabh,amit@gmail.com,mumbai
186,Amitabh,amit@gmail.com,mumbai
187,Amitabh,amit@gmail.com,mumbai
188,Amitabh,amit@gmail.com,mumbai
189,Amitabh,amit@gmail.com,mumbai
190,Amitabh,amit@gmail.com,mumbai
191,Amitabh,amit@gmail.com,mumbai
192,Amitabh,amit@gmail.com,mumbai
193,Amitabh,amit@gmail.com,mumbai
194,Amitabh,amit@gmail.com,mumbai
195,Amitabh,amit@gmail.com,mumbai
196,Amitabh,amit@gmail.com,mumbai
197,Amitabh,amit@gmail.com,mumbai
198,Amitabh,amit@gmail.com,mumbai
199,Amitabh,amit@gmail.com,mumbai
200,Amitabh,amit@gmail.com,mumbai
201,Amitabh,amit@gmail.com,mumbai
202,Amitabh,amit@gmail.com,mumbai
203,Amitabh,amit@gmail.com,mumbai
204,Amitabh,amit@gmail.com,mumbai
205,Amitabh,amit@gmail.com,mumbai
206,Amitabh,amit@gmail.com,mumbai
207,Amitabh,amit@gmail.com,mumbai
208,Amitabh,amit@gmail.com,mumbai
209,Amitabh,amit@gmail.com,mumbai
210,Amitabh,amit@gmail.com,mumbai
211,Amitabh,amit@gmail.com,mumbai
212,Amitabh,amit@gmail.com,mumbai
213,Amitabh,amit@gmail.com,mumbai
214,Amitabh,amit@gmail.com,mumbai
215,Amitabh,amit@gmail.com,mumbai
216,Amitabh,amit@gmail.com,mumbai
217,Amitabh,amit@gmail.com,mumbai
218,Amitabh,amit@gmail.com,mumbai
219,Amitabh,amit@gmail.com,mumbai
220,Amitabh,amit@gmail.com,mumbai
221,Amitabh,amit@gmail.com,mumbai
222,Amitabh,amit@gmail.com,mumbai
223,Amitabh,amit@gmail.com,mumbai
224,Amitabh,amit@gmail.com,mumbai
225,Amitabh,amit@gmail.com,mumbai
226,Amitabh,amit@gmail.com,mumbai
227,Amitabh,amit@gmail.com,mumbai
228,Amitabh,amit@gmail.com,mumbai
229,Amitabh,amit@gmail.com,mumbai
230,Amitabh,amit@gmail.com,mumbai
231,Amitabh,amit@gmail.com,mumbai
232,Amitabh,amit@gmail.com,mumbai
233,Amitabh,amit@gmail.com,mumbai
234,Amitabh,amit@gmail.com,mumbai
235,Amitabh,amit@gmail.com,mumbai
236,Amitabh,amit@gmail.com,mumbai
237,Amitabh,amit@gmail.com,mumbai
238,Amitabh,amit@gmail.com,mumbai
239,Amitabh,amit@gmail.com,mumbai
240,Amitabh,amit@gmail.com,mumbai
241,Amitabh,amit@gmail.com,mumbai
242,Amitabh,amit@gmail.com,mumbai
243,Amitabh,amit@gmail.com,mumbai
244,Amitabh,amit@gmail.com,mumbai
245,Amitabh,amit@gmail.com,mumbai
246,Amitabh,amit@gmail.com,mumbai
247,Amitabh,amit@gmail.com,mumbai
248,Amitabh,amit@gmail.com,mumbai
249,Amitabh,amit@gmail.com,mumbai
250,Amitabh,amit@gmail.com,mumbai
251,Amitabh,amit@gmail.com,mumbai
252,Amitabh,amit@gmail.com,mumbai
253,Amitabh,amit@gmail.com,mumbai
254,Amitabh,amit@gmail.com,mumbai
255,Amitabh,amit@gmail.com,mumbai
256,Amitabh,amit@gmail.com,mumbai
257,Amitabh,amit@gmail.com,mumbai
258,Amitabh,amit@gmail.com,mumbai
259,Amitabh,amit@gmail.com,mumbai
260,Amitabh,amit@gmail.com,mumbai
261,Amitabh,amit@gmail.com,mumbai
262,Amitabh,amit@gmail.com,mumbai
263,Amitabh,amit@gmail.com,mumbai
264,Amitabh,amit@gmail.com,mumbai
265,Amitabh,amit@gmail.com,mumbai
266,Amitabh,amit@gmail.com,mumbai
267,Amitabh,amit@gmail.com,mumbai
268,Amitabh,amit@gmail.com,mumbai
269,Amitabh,amit@gmail.com,mumbai
270,Amitabh,amit@gmail.com,mumbai
271,Amitabh,amit@gmail.com,mumbai
272,Amitabh,amit@gmail.com,mumbai
273,Amitabh,amit@gmail.com,mumbai
274,Amitabh,amit@gmail.com,mumbai
275,Amitabh,amit@gmail.com,mumbai
276,Amitabh,amit@gmail.com,mumbai
277,Amitabh,amit@gmail.com,mumbai
278,Amitabh,amit@gmail.com,mumbai
279,Amitabh,amit@gmail.com,mumbai
280,Amitabh,amit@gmail.com,mumbai
281,Amitabh,amit@gmail.com,mumbai
282,Amitabh,amit@gmail.com,mumbai
283,Amitabh,amit@gmail.com,mumbai
284,Amitabh,amit@gmail.com,mumbai
285,Amitabh,amit@gmail.com,mumbai
286,Amitabh,amit@gmail.com,mumbai
287,Amitabh,amit@gmail.com,mumbai
288,Amitabh,amit@gmail.com,mumbai
289,Amitabh,amit@gmail.com,mumbai
290,Amitabh,amit@gmail.com,mumbai
291,Amitabh,amit@gmail.com,mumbai
292,Amitabh,amit@gmail.com,mumbai
293,Amitabh,amit@gmail.com,mumbai
294,Amitabh,amit@gmail.com,mumbai
295,Amitabh,amit@gmail.com,mumbai
296,Amitabh,amit@gmail.com,mumbai
297,Amitabh,amit@gmail.com,mumbai
298,Amitabh,amit@gmail.com,mumbai
299,Amitabh,amit@gmail.com,mumbai
300,Amitabh,amit@gmail.com,mumbai
301,Amitabh,amit@gmail.com,mumbai
302,Amitabh,amit@gmail.com,mumbai
303,Amitabh,amit@gmail.com,mumbai
304,Amitabh,amit@gmail.com,mumbai
305,Amitabh,amit@gmail.com,mumbai
306,Amitabh,amit@gmail.com,mumbai
307,Amitabh,amit@gmail.com,mumbai
308,Amitabh,amit@gmail.com,mumbai
309,Amitabh,amit@gmail.com,mumbai
310,Amitabh,amit@gmail.com,mumbai
311,Amitabh,amit@gmail.com,mumbai
312,Amitabh,amit@gmail.com,mumbai
313,Amitabh,amit@gmail.com,mumbai
314,Amitabh,amit@gmail.com,mumbai
315,Amitabh,amit@gmail.com,mumbai
316,Amitabh,amit@gmail.com,mumbai
317,Amitabh,amit@gmail.com,mumbai
318,Amitabh,amit@gmail.com,mumbai
319,Amitabh,amit@gmail.com,mumbai
320,Amitabh,amit@gmail.com,mumbai
321,Amitabh,amit@gmail.com,mumbai
322,Amitabh,amit@gmail.com,mumbai
323,Amitabh,amit@gmail.com,mumbai
324,Amitabh,amit@gmail.com,mumbai
325,Amitabh,amit@gmail.com,mumbai
326,Amitabh,amit@gmail.com,mumbai
327,Amitabh,amit@gmail.com,mumbai
328,Amitabh,amit@gmail.com,mumbai
329,Amitabh,amit@gmail.com,mumbai
330,Amitabh,amit@gmail.com,mumbai
331,Amitabh,amit@gmail.com,mumbai
332,Amitabh,amit@gmail.com,mumbai
333,Amitabh,amit@gmail.com,mumbai
334,Amitabh,amit@gmail.com,mumbai
335,Amitabh,amit@gmail.com,mumbai
336,Amitabh,amit@gmail.com,mumbai
337,Amitabh,amit@gmail.com,mumbai
338,Amitabh,amit@gmail.com,mumbai
339,Amitabh,amit@gmail.com,mumbai
340,Amitabh,amit@gmail.com,mumbai
341,Amitabh,amit@gmail.com,mumbai
342,Amitabh,amit@gmail.com,mumbai
343,Amitabh,amit@gmail.com,mumbai
344,Amitabh,amit@gmail.com,mumbai
345,Amitabh,amit@gmail.com,mumbai
346,Amitabh,amit@gmail.com,mumbai
347,Amitabh,amit@gmail.com,mumbai
348,Amitabh,amit@gmail.com,mumbai
349,Amitabh,amit@gmail.com,mumbai
350,Amitabh,amit@gmail.com,mumbai
351,Amitabh,amit@gmail.com,mumbai
352,Amitabh,amit@gmail.com,mumbai
353,Amitabh,amit@gmail.com,mumbai
354,Amitabh,amit@gmail.com,mumbai
355,Amitabh,amit@gmail.com,mumbai
356,Amitabh,amit@gmail.com,mumbai
357,Amitabh,amit@gmail.com,mumbai
358,Amitabh,amit@gmail.com,mumbai
359,Amitabh,amit@gmail.com,mumbai
360,Amitabh,amit@gmail.com,mumbai
361,Amitabh,amit@gmail.com,mumbai
362,Amitabh,amit@gmail.com,mumbai
363,Amitabh,amit@gmail.com,mumbai
364,Amitabh,amit@gmail.com,mumbai
365,Amitabh,amit@gmail.com,mumbai
366,Amitabh,amit@gmail.com,mumbai
367,Amitabh,amit@gmail.com,mumbai
368,Amitabh,amit@gmail.com,mumbai
369,Amitabh,amit@gmail.com,mumbai
370,Amitabh,amit@gmail.com,mumbai
371,Amitabh,amit@gmail.com,mumbai
372,Amitabh,amit@gmail.com,mumbai
373,Amitabh,amit@gmail.com,mumbai
374,Amitabh,amit@gmail.com,mumbai
375,Amitabh,amit@gmail.com,mumbai
376,Amitabh,amit@gmail.com,mumbai
377,Amitabh,amit@gmail.com,mumbai
378,Amitabh,amit@gmail.com,mumbai
379,Amitabh,amit@gmail.com,mumbai
380,Amitabh,amit@gmail.com,mumbai
381,Amitabh,amit@gmail.com,mumbai
382,Amitabh,amit@gmail.com,mumbai
383,Amitabh,amit@gmail.com,mumbai
384,Amitabh,amit@gmail.com,mumbai
385,Amitabh,amit@gmail.com,mumbai
386,Amitabh,amit@gmail.com,mumbai
387,Amitabh,amit@gmail.com,mumbai
388,Amitabh,amit@gmail.com,mumbai
389,Amitabh,amit@gmail.com,mumbai
390,Amitabh,amit@gmail.com,mumbai
391,Amitabh,amit@gmail.com,mumbai
392,Amitabh,amit@gmail.com,mumbai
393,Amitabh,amit@gmail.com,mumbai
394,Amitabh,amit@gmail.com,mumbai
395,Amitabh,amit@gmail.com,mumbai
396,Amitabh,amit@gmail.com,mumbai
397,Amitabh,amit@gmail.com,mumbai
398,Amitabh,amit@gmail.com,mumbai
399,Amitabh,amit@gmail.com,mumbai
400,Amitabh,amit@gmail.com,mumbai
401,Amitabh,amit@gmail.com,mumbai
402,Amitabh,amit@gmail.com,mumbai
403,Amitabh,amit@gmail.com,mumbai
404,Amitabh,amit@gmail.com,mumbai
405,Amitabh,amit@gmail.com,mumbai
406,Amitabh,amit@gmail.com,mumbai
407,Amitabh,amit@gmail.com,mumbai
408,Amitabh,amit@gmail.com,mumbai
409,Amitabh,amit@gmail.com,mumbai
410,Amitabh,amit@gmail.com,mumbai
411,Amitabh,amit@gmail.com,mumbai
412,Amitabh,amit@gmail.com,mumbai
413,Amitabh,amit@gmail.com,mumbai
414,Amitabh,amit@gmail.com,mumbai
415,Amitabh,amit@gmail.com,mumbai
416,Amitabh,amit@gmail.com,mumbai
417,Amitabh,amit@gmail.com,mumbai
418,Amitabh,amit@gmail.com,mumbai
419,Amitabh,amit@gmail.com,mumbai
420,Amitabh,amit@gmail.com,mumbai
421,Amitabh,amit@gmail.com,mumbai
422,Amitabh,amit@gmail.com,mumbai
423,Amitabh,amit@gmail.com,mumbai
424,Amitabh,amit@gmail.com,mumbai
425,Amitabh,amit@gmail.com,mumbai
426,Amitabh,amit@gmail.com,mumbai
427,Amitabh,amit@gmail.com,mumbai
428,Amitabh,amit@gmail.com,mumbai
